,0,1,2,3,4
0,2020-07-20 13:50:00,1285210351076880384,@Ivan_Klinge @EskenSaskia Kanake? Das war doch Wichser.,"{'hashtags': [], 'symbols': [], 'user_mentions': [{'screen_name': 'Ivan_Klinge', 'name': 'Ivan Klinge', 'id': 858986111791661056, 'id_str': '858986111791661056', 'indices': [0, 12]}, {'screen_name': 'EskenSaskia', 'name': 'Saskia Esken', 'id': 1423622834, 'id_str': '1423622834', 'indices': [13, 25]}], 'urls': []}","{'iso_language_code': 'de', 'result_type': 'recent'}"
1,2020-07-20 13:40:20,1285207918917361666,@gencsogoodnoluv @jugovic_ Wenn der ein kanake ist wei√ü ich auch nicht,"{'hashtags': [], 'symbols': [], 'user_mentions': [{'screen_name': 'gencsogoodnoluv', 'name': 'gencsogoodnoloveüá¶üá±', 'id': 1250952116459442180, 'id_str': '1250952116459442180', 'indices': [0, 16]}, {'screen_name': 'jugovic_', 'name': '—Å—Ç–µ—Ñ–æ ‚ôö', 'id': 956265476270755840, 'id_str': '956265476270755840', 'indices': [17, 26]}], 'urls': []}","{'iso_language_code': 'de', 'result_type': 'recent'}"
2,2020-07-20 13:21:45,1285203240259387392,@Debater12525839 @JordanGriz95 @fwolf96 @flobieder Genau Sie haben erkannt das alle Kinder von mehreren Genrationen‚Ä¶ https://t.co/zG7yskK4O9,"{'hashtags': [], 'symbols': [], 'user_mentions': [{'screen_name': 'Debater12525839', 'name': 'Debater', 'id': 1124019790539046912, 'id_str': '1124019790539046912', 'indices': [0, 16]}, {'screen_name': 'JordanGriz95', 'name': 'Jordan', 'id': 76635553, 'id_str': '76635553', 'indices': [17, 30]}, {'screen_name': 'fwolf96', 'name': 'Felix Wolf', 'id': 945705304716644352, 'id_str': '945705304716644352', 'indices': [31, 39]}, {'screen_name': 'flobieder', 'name': 'Florian Bieder', 'id': 4212971422, 'id_str': '4212971422', 'indices': [40, 50]}], 'urls': [{'url': 'https://t.co/zG7yskK4O9', 'expanded_url': 'https://twitter.com/i/web/status/1285203240259387392', 'display_url': 'twitter.com/i/web/status/1‚Ä¶', 'indices': [117, 140]}]}","{'iso_language_code': 'de', 'result_type': 'recent'}"
3,2020-07-20 13:16:35,1285201943116288000,letztens ein video gesehen wo leute ne blockade erstellt und widerstand geleistet haben und 1 dummer kanake der das‚Ä¶ https://t.co/oACqFlaYQY,"{'hashtags': [], 'symbols': [], 'user_mentions': [], 'urls': [{'url': 'https://t.co/oACqFlaYQY', 'expanded_url': 'https://twitter.com/i/web/status/1285201943116288000', 'display_url': 'twitter.com/i/web/status/1‚Ä¶', 'indices': [117, 140]}]}","{'iso_language_code': 'de', 'result_type': 'recent'}"
4,2020-07-20 13:04:20,1285198857924677632,In Deutschland bin ich der Kanake und in Tunesien der alman ENTSCHEIDET EUCH MAL!!!!!,"{'hashtags': [], 'symbols': [], 'user_mentions': [], 'urls': []}","{'iso_language_code': 'de', 'result_type': 'recent'}"
5,2020-07-20 12:20:13,1285187758584213504,"@yarizaKing187 @holybxn ???
1. Ich bin kein Rassist
2. Nat√ºrlich benutzt du im Internet ""Kanake"" weil du deinen Ano‚Ä¶ https://t.co/WjAZZK3Zs6","{'hashtags': [], 'symbols': [], 'user_mentions': [{'screen_name': 'yarizaKing187', 'name': 'Michel der BigBO$$', 'id': 1182397839730708480, 'id_str': '1182397839730708480', 'indices': [0, 14]}, {'screen_name': 'holybxn', 'name': ""b'üò†"", 'id': 829788722300338176, 'id_str': '829788722300338176', 'indices': [15, 23]}], 'urls': [{'url': 'https://t.co/WjAZZK3Zs6', 'expanded_url': 'https://twitter.com/i/web/status/1285187758584213504', 'display_url': 'twitter.com/i/web/status/1‚Ä¶', 'indices': [117, 140]}]}","{'iso_language_code': 'de', 'result_type': 'recent'}"
6,2020-07-20 12:17:06,1285186974127730688,"@yarizaKing187 @holybxn Wo gehe ich von Rassen aus?
Nationalit√§ten und Herk√ºnfte existieren nun mal und du kannst m‚Ä¶ https://t.co/po4kbzEXes","{'hashtags': [], 'symbols': [], 'user_mentions': [{'screen_name': 'yarizaKing187', 'name': 'Michel der BigBO$$', 'id': 1182397839730708480, 'id_str': '1182397839730708480', 'indices': [0, 14]}, {'screen_name': 'holybxn', 'name': ""b'üò†"", 'id': 829788722300338176, 'id_str': '829788722300338176', 'indices': [15, 23]}], 'urls': [{'url': 'https://t.co/po4kbzEXes', 'expanded_url': 'https://twitter.com/i/web/status/1285186974127730688', 'display_url': 'twitter.com/i/web/status/1‚Ä¶', 'indices': [117, 140]}]}","{'iso_language_code': 'de', 'result_type': 'recent'}"
7,2020-07-20 12:13:18,1285186017063043072,"@yarizaKing187 @holybxn Das habe ich nicht gesagt. Du diskriminierst lediglich.
Ich k√∂nnte dich genauso Kartoffel o‚Ä¶ https://t.co/64We0JI8In","{'hashtags': [], 'symbols': [], 'user_mentions': [{'screen_name': 'yarizaKing187', 'name': 'Michel der BigBO$$', 'id': 1182397839730708480, 'id_str': '1182397839730708480', 'indices': [0, 14]}, {'screen_name': 'holybxn', 'name': ""b'üò†"", 'id': 829788722300338176, 'id_str': '829788722300338176', 'indices': [15, 23]}], 'urls': [{'url': 'https://t.co/64We0JI8In', 'expanded_url': 'https://twitter.com/i/web/status/1285186017063043072', 'display_url': 'twitter.com/i/web/status/1‚Ä¶', 'indices': [117, 140]}]}","{'iso_language_code': 'de', 'result_type': 'recent'}"
8,2020-07-20 12:12:11,1285185734937378816,"@yarizaKing187 @holybxn Nochmal:
Das N-Wort ist schlimmer als Kanake, aber nur weil die Medien etc. ""Kanake"" verhar‚Ä¶ https://t.co/fNSAiRfPAn","{'hashtags': [], 'symbols': [], 'user_mentions': [{'screen_name': 'yarizaKing187', 'name': 'Michel der BigBO$$', 'id': 1182397839730708480, 'id_str': '1182397839730708480', 'indices': [0, 14]}, {'screen_name': 'holybxn', 'name': ""b'üò†"", 'id': 829788722300338176, 'id_str': '829788722300338176', 'indices': [15, 23]}], 'urls': [{'url': 'https://t.co/fNSAiRfPAn', 'expanded_url': 'https://twitter.com/i/web/status/1285185734937378816', 'display_url': 'twitter.com/i/web/status/1‚Ä¶', 'indices': [117, 140]}]}","{'iso_language_code': 'de', 'result_type': 'recent'}"
9,2020-07-20 12:07:39,1285184594099212288,"@yarizaKing187 @holybxn Versuchst zu triggern, aber daran merkt man wie verbl√∂det man ist.
Ich sag ja auch nicht, d‚Ä¶ https://t.co/0E5YD4BL4K","{'hashtags': [], 'symbols': [], 'user_mentions': [{'screen_name': 'yarizaKing187', 'name': 'Michel der BigBO$$', 'id': 1182397839730708480, 'id_str': '1182397839730708480', 'indices': [0, 14]}, {'screen_name': 'holybxn', 'name': ""b'üò†"", 'id': 829788722300338176, 'id_str': '829788722300338176', 'indices': [15, 23]}], 'urls': [{'url': 'https://t.co/0E5YD4BL4K', 'expanded_url': 'https://twitter.com/i/web/status/1285184594099212288', 'display_url': 'twitter.com/i/web/status/1‚Ä¶', 'indices': [117, 140]}]}","{'iso_language_code': 'de', 'result_type': 'recent'}"
10,2020-07-20 12:06:15,1285184242247446529,@yung_cxn @holybxn Kanake.,"{'hashtags': [], 'symbols': [], 'user_mentions': [{'screen_name': 'yung_cxn', 'name': 'can', 'id': 1195660771809726465, 'id_str': '1195660771809726465', 'indices': [0, 9]}, {'screen_name': 'holybxn', 'name': ""b'üò†"", 'id': 829788722300338176, 'id_str': '829788722300338176', 'indices': [10, 18]}], 'urls': []}","{'iso_language_code': 'in', 'result_type': 'recent'}"
11,2020-07-20 12:03:41,1285183596853157888,"@yung_cxn @holybxn Das einzige was hier zur Debatte steht ist, dass ich nicht ‚ÄûKanake‚Äú sagen darf","{'hashtags': [], 'symbols': [], 'user_mentions': [{'screen_name': 'yung_cxn', 'name': 'can', 'id': 1195660771809726465, 'id_str': '1195660771809726465', 'indices': [0, 9]}, {'screen_name': 'holybxn', 'name': ""b'üò†"", 'id': 829788722300338176, 'id_str': '829788722300338176', 'indices': [10, 18]}], 'urls': []}","{'iso_language_code': 'de', 'result_type': 'recent'}"
12,2020-07-20 11:34:01,1285176131445022722,"@yarizaKing187 @holybxn Dass du im gleichen Satz ein Problem mit dem Islam hast und ""Kanake"" sagst","{'hashtags': [], 'symbols': [], 'user_mentions': [{'screen_name': 'yarizaKing187', 'name': 'Michel der BigBO$$', 'id': 1182397839730708480, 'id_str': '1182397839730708480', 'indices': [0, 14]}, {'screen_name': 'holybxn', 'name': ""b'üò†"", 'id': 829788722300338176, 'id_str': '829788722300338176', 'indices': [15, 23]}], 'urls': []}","{'iso_language_code': 'de', 'result_type': 'recent'}"
13,2020-07-20 11:26:46,1285174306763407360,@yarizaKing187 @holybxn kanake,"{'hashtags': [], 'symbols': [], 'user_mentions': [{'screen_name': 'yarizaKing187', 'name': 'Michel der BigBO$$', 'id': 1182397839730708480, 'id_str': '1182397839730708480', 'indices': [0, 14]}, {'screen_name': 'holybxn', 'name': ""b'üò†"", 'id': 829788722300338176, 'id_str': '829788722300338176', 'indices': [15, 23]}], 'urls': []}","{'iso_language_code': 'in', 'result_type': 'recent'}"
14,2020-07-20 11:22:54,1285173332057497600,Nicht mals 10 min aus dem haus schreit so ein Fahrradfahrer ‚Äúscheiss kanake‚Äù,"{'hashtags': [], 'symbols': [], 'user_mentions': [], 'urls': []}","{'iso_language_code': 'de', 'result_type': 'recent'}"
15,2020-07-20 11:14:20,1285171176902479872,"@holybxn @yung_cxn Das stimmt halt sogar 
Naja f√ºr Schwule und transen wird‚Äôs dann halt schei√üe hier aber da ich au‚Ä¶ https://t.co/ZxJYX096oL","{'hashtags': [], 'symbols': [], 'user_mentions': [{'screen_name': 'holybxn', 'name': ""b'üò†"", 'id': 829788722300338176, 'id_str': '829788722300338176', 'indices': [0, 8]}, {'screen_name': 'yung_cxn', 'name': 'can', 'id': 1195660771809726465, 'id_str': '1195660771809726465', 'indices': [9, 18]}], 'urls': [{'url': 'https://t.co/ZxJYX096oL', 'expanded_url': 'https://twitter.com/i/web/status/1285171176902479872', 'display_url': 'twitter.com/i/web/status/1‚Ä¶', 'indices': [117, 140]}]}","{'iso_language_code': 'de', 'result_type': 'recent'}"
16,2020-07-20 11:05:38,1285168988243320832,@acidkafa ich weiss nicht du bist so ein hybrid hipster kanake,"{'hashtags': [], 'symbols': [], 'user_mentions': [{'screen_name': 'acidkafa', 'name': 'hamz', 'id': 1233519984304906245, 'id_str': '1233519984304906245', 'indices': [0, 9]}], 'urls': []}","{'iso_language_code': 'de', 'result_type': 'recent'}"
17,2020-07-20 10:59:04,1285167335398166528,@zVxgetto der wurd 1997 geboren irgendein kanake hat da 43 jahre hingeschrieben HAHAHAHAHHA,"{'hashtags': [], 'symbols': [], 'user_mentions': [{'screen_name': 'zVxgetto', 'name': 'ÕèÕèÕèÕè A WeGangüåü', 'id': 4211444357, 'id_str': '4211444357', 'indices': [0, 9]}], 'urls': []}","{'iso_language_code': 'de', 'result_type': 'recent'}"
18,2020-07-20 10:34:20,1285161108983222277,@birds1nthetrap isso der esel wenn er f√ºr eine sache hier kein kanake ist dann das https://t.co/JLyMMOtvDC,"{'hashtags': [], 'symbols': [], 'user_mentions': [{'screen_name': 'birds1nthetrap', 'name': 'ahmed', 'id': 1127664333083893760, 'id_str': '1127664333083893760', 'indices': [0, 15]}], 'urls': [], 'media': [{'id': 1285161105455800320, 'id_str': '1285161105455800320', 'indices': [83, 106], 'media_url': 'http://pbs.twimg.com/media/EdXPN2HXYAAIySP.jpg', 'media_url_https': 'https://pbs.twimg.com/media/EdXPN2HXYAAIySP.jpg', 'url': 'https://t.co/JLyMMOtvDC', 'display_url': 'pic.twitter.com/JLyMMOtvDC', 'expanded_url': 'https://twitter.com/KommeMitCusengs/status/1285161108983222277/photo/1', 'type': 'photo', 'sizes': {'large': {'w': 750, 'h': 120, 'resize': 'fit'}, 'small': {'w': 680, 'h': 109, 'resize': 'fit'}, 'thumb': {'w': 120, 'h': 120, 'resize': 'crop'}, 'medium': {'w': 750, 'h': 120, 'resize': 'fit'}}}]}","{'iso_language_code': 'de', 'result_type': 'recent'}"
19,2020-07-20 09:45:08,1285148727246827521,@binwiederdabro @bosandzerovic 0815 kanake der bilder vor five guys milkshake maschinen macht ein literally neander‚Ä¶ https://t.co/ayzVyC8c9l,"{'hashtags': [], 'symbols': [], 'user_mentions': [{'screen_name': 'binwiederdabro', 'name': '√°ce', 'id': 1278776451060371456, 'id_str': '1278776451060371456', 'indices': [0, 15]}, {'screen_name': 'bosandzerovic', 'name': 'asa7biƒá', 'id': 1239158513550725120, 'id_str': '1239158513550725120', 'indices': [16, 30]}], 'urls': [{'url': 'https://t.co/ayzVyC8c9l', 'expanded_url': 'https://twitter.com/i/web/status/1285148727246827521', 'display_url': 'twitter.com/i/web/status/1‚Ä¶', 'indices': [117, 140]}]}","{'iso_language_code': 'de', 'result_type': 'recent'}"
20,2020-07-20 09:43:10,1285148233539485697,Ich bin in einem kanaken k√∂rper eingefangen obwohl ich mich wie ein kanake f√ºhle,"{'hashtags': [], 'symbols': [], 'user_mentions': [], 'urls': []}","{'iso_language_code': 'de', 'result_type': 'recent'}"
21,2020-07-20 09:18:03,1285141911066509312,@umpathy wait sie will nicht mal als kanake cosplayen sondern als asiatin goodbye,"{'hashtags': [], 'symbols': [], 'user_mentions': [{'screen_name': 'umpathy', 'name': 'hannibal‚Äôs body count', 'id': 1070011000215220225, 'id_str': '1070011000215220225', 'indices': [0, 8]}], 'urls': []}","{'iso_language_code': 'de', 'result_type': 'recent'}"
22,2020-07-20 09:16:12,1285141448694943745,"@Deprifrei @ResiakF Ich hab eigentlich den Eindruck du bist ein reflektierter Mensch und gibst dir M√ºhe, dir zu √ºbe‚Ä¶ https://t.co/OCNtdrSjEm","{'hashtags': [], 'symbols': [], 'user_mentions': [{'screen_name': 'Deprifrei', 'name': 'Roman Swietlik #Deprifrei #Depression #WirSindMehr', 'id': 337111971, 'id_str': '337111971', 'indices': [0, 10]}, {'screen_name': 'ResiakF', 'name': 'Dominic', 'id': 2309088458, 'id_str': '2309088458', 'indices': [11, 19]}], 'urls': [{'url': 'https://t.co/OCNtdrSjEm', 'expanded_url': 'https://twitter.com/i/web/status/1285141448694943745', 'display_url': 'twitter.com/i/web/status/1‚Ä¶', 'indices': [117, 140]}]}","{'iso_language_code': 'de', 'result_type': 'recent'}"
23,2020-07-20 09:11:29,1285140261291675649,RT @ErzincanSpor24: Erzincan Ulalarspor ba≈ükanƒ± Ferhat Murat Polat‚Äôƒ±n √∂nderliƒüinde ba≈ülayan Erzincanspor‚Äôa ≈ûampiyonluk primi kampanyasƒ±nda‚Ä¶,"{'hashtags': [], 'symbols': [], 'user_mentions': [{'screen_name': 'ErzincanSpor24', 'name': 'Anagold 24 ErzincanSpor', 'id': 334003243, 'id_str': '334003243', 'indices': [3, 18]}], 'urls': []}","{'result_type': 'recent', 'iso_language_code': 'tr'}"
24,2020-07-20 09:09:04,1285139651880259585,"RT @Besiktas: Ge√ßmi≈ü olsun @Fenerbahce 

Siz de arkada≈ülarƒ±nƒ±za ‚ÄúGe√ßmi≈ü Olsun‚Äù demek i√ßin

üëâ https://t.co/TNC6ISj7NS

#Bƒ±rakmamSeni https:/‚Ä¶","{'hashtags': [{'text': 'Bƒ±rakmamSeni', 'indices': [118, 131]}], 'symbols': [], 'user_mentions': [{'screen_name': 'Besiktas', 'name': 'Be≈üikta≈ü JK', 'id': 259758878, 'id_str': '259758878', 'indices': [3, 12]}, {'screen_name': 'Fenerbahce', 'name': 'Fenerbah√ße SK', 'id': 11525172, 'id_str': '11525172', 'indices': [27, 38]}], 'urls': [{'url': 'https://t.co/TNC6ISj7NS', 'expanded_url': 'https://birakmamseni.org/ozel-gun-sertifikalari/gecmis-olsun', 'display_url': 'birakmamseni.org/ozel-gun-serti‚Ä¶', 'indices': [93, 116]}]}","{'result_type': 'recent', 'iso_language_code': 'tr'}"
25,2020-07-20 08:38:13,1285131889326645248,@aurelmertz @CitaroUrbino Es ist schlicht eine abwertende Beleidigung... Gegenseitiger Respekt ist keine Einbahnstr‚Ä¶ https://t.co/CJqbjSI0Yf,"{'hashtags': [], 'symbols': [], 'user_mentions': [{'screen_name': 'aurelmertz', 'name': 'Aurel', 'id': 845830554, 'id_str': '845830554', 'indices': [0, 11]}, {'screen_name': 'CitaroUrbino', 'name': 'Trolleybusdriver', 'id': 894217669733384193, 'id_str': '894217669733384193', 'indices': [12, 25]}], 'urls': [{'url': 'https://t.co/CJqbjSI0Yf', 'expanded_url': 'https://twitter.com/i/web/status/1285131889326645248', 'display_url': 'twitter.com/i/web/status/1‚Ä¶', 'indices': [117, 140]}]}","{'iso_language_code': 'de', 'result_type': 'recent'}"
26,2020-07-20 07:21:42,1285112630726852608,"@Deprifrei Redet von Nazis und benutzt Kanake, alles klar du fascho","{'hashtags': [], 'symbols': [], 'user_mentions': [{'screen_name': 'Deprifrei', 'name': 'Roman Swietlik #Deprifrei #Depression #WirSindMehr', 'id': 337111971, 'id_str': '337111971', 'indices': [0, 10]}], 'urls': []}","{'iso_language_code': 'de', 'result_type': 'recent'}"
27,2020-07-20 06:46:22,1285103741033684994,Wallah bin so ein dummer kanake wenn ich mal um 8 auf Arbeit bin Flex ich damit rum vor meinen alman Kollegen hahaaha,"{'hashtags': [], 'symbols': [], 'user_mentions': [], 'urls': []}","{'iso_language_code': 'de', 'result_type': 'recent'}"
28,2020-07-20 06:31:40,1285100043364716544,"Die schlimmsten Almans sind jene selbsthassenden Versager, die ""nicht so wie die Almans"" sind und gerne ein Kanake‚Ä¶ https://t.co/j4nYThwy0i","{'hashtags': [], 'symbols': [], 'user_mentions': [], 'urls': [{'url': 'https://t.co/j4nYThwy0i', 'expanded_url': 'https://twitter.com/i/web/status/1285100043364716544', 'display_url': 'twitter.com/i/web/status/1‚Ä¶', 'indices': [116, 139]}]}","{'iso_language_code': 'de', 'result_type': 'recent'}"
29,2020-07-20 05:19:58,1285081995723149313,@Hemu72138531 @IamSricharan @OneCapitalAP @Nivas_politics @Anitha_TDP @JaiTDP @ActivistTdp @JaiTDPTrends‚Ä¶ https://t.co/53GK090RQo,"{'hashtags': [], 'symbols': [], 'user_mentions': [{'screen_name': 'Hemu72138531', 'name': 'Hemu', 'id': 1222504480664506369, 'id_str': '1222504480664506369', 'indices': [0, 13]}, {'screen_name': 'IamSricharan', 'name': 'üí≤¬ÆÔ∏è‚ÑπÔ∏èüß≤‚ÜîÔ∏èüÖ∞Ô∏è¬ÆÔ∏èüÖ∞Ô∏èN', 'id': 298477408, 'id_str': '298477408', 'indices': [14, 27]}, {'screen_name': 'OneCapitalAP', 'name': 'Harika', 'id': 1647664082, 'id_str': '1647664082', 'indices': [28, 41]}, {'screen_name': 'Nivas_politics', 'name': 'Nivas', 'id': 948821679047811072, 'id_str': '948821679047811072', 'indices': [42, 57]}, {'screen_name': 'Anitha_TDP', 'name': 'Anitha Vangalapudi #StayHomeSaveLives', 'id': 3309457050, 'id_str': '3309457050', 'indices': [58, 69]}, {'screen_name': 'JaiTDP', 'name': 'Telugu Desam Party #StayHomeSaveLives', 'id': 272023868, 'id_str': '272023868', 'indices': [70, 77]}, {'screen_name': 'ActivistTdp', 'name': 'TDP Activist', 'id': 1192007543045836800, 'id_str': '1192007543045836800', 'indices': [78, 90]}, {'screen_name': 'JaiTDPTrends', 'name': 'TDP TRENDS‚Ñ¢', 'id': 1208066241694330880, 'id_str': '1208066241694330880', 'indices': [91, 104]}], 'urls': [{'url': 'https://t.co/53GK090RQo', 'expanded_url': 'https://twitter.com/i/web/status/1285081995723149313', 'display_url': 'twitter.com/i/web/status/1‚Ä¶', 'indices': [106, 129]}]}","{'iso_language_code': 'et', 'result_type': 'recent'}"
30,2020-07-20 05:09:07,1285079268238733313,wie aggressiv kann ein kanake bushido h√∂rend kacken,"{'hashtags': [], 'symbols': [], 'user_mentions': [], 'urls': []}","{'iso_language_code': 'de', 'result_type': 'recent'}"
31,2020-07-20 02:00:51,1285031889414369284,Ich bin kein Seiten auf 0 Kanake,"{'hashtags': [], 'symbols': [], 'user_mentions': [], 'urls': []}","{'iso_language_code': 'de', 'result_type': 'recent'}"
32,2020-07-20 01:55:06,1285030440181653509,"@abushriik @yazin13000 hdf du 1,60 m√∂chtegern kanake","{'hashtags': [], 'symbols': [], 'user_mentions': [{'screen_name': 'abushriik', 'name': 'Marlo', 'id': 1210290127735599108, 'id_str': '1210290127735599108', 'indices': [0, 10]}, {'screen_name': 'yazin13000', 'name': 'sterbiiiii', 'id': 1280119696621293568, 'id_str': '1280119696621293568', 'indices': [11, 22]}], 'urls': []}","{'iso_language_code': 'de', 'result_type': 'recent'}"
33,2020-07-20 01:50:39,1285029322424750085,RT @loevmin: ihr k√∂nnt als Menschen mit Migrationshintergrund das Wort kanake nicht racist finden aber warum stellt ihr Menschen die sich d‚Ä¶,"{'hashtags': [], 'symbols': [], 'user_mentions': [{'screen_name': 'loevmin', 'name': 'simran ‚ô•', 'id': 1146891519976247302, 'id_str': '1146891519976247302', 'indices': [3, 11]}], 'urls': []}","{'iso_language_code': 'de', 'result_type': 'recent'}"
34,2020-07-20 00:39:57,1285011527339302914,@qehaimniz Einfach so ein 2 Meter kanake erz√§hlt dir von Creme brulee und mango kokos,"{'hashtags': [], 'symbols': [], 'user_mentions': [{'screen_name': 'qehaimniz', 'name': 'üá®üá¥Shaheen207üáÆüá∑ (Aykut Anhan Fan Acc)', 'id': 1170681375760048128, 'id_str': '1170681375760048128', 'indices': [0, 10]}], 'urls': []}","{'iso_language_code': 'de', 'result_type': 'recent'}"
35,2020-07-20 00:35:59,1285010531519270912,@toastmltsucuk68 egal sag einfach bist 1.90 kanake auf den 1cm kommts nicht an,"{'hashtags': [], 'symbols': [], 'user_mentions': [{'screen_name': 'toastmltsucuk68', 'name': 'enes 2.0', 'id': 1283203249550635014, 'id_str': '1283203249550635014', 'indices': [0, 16]}], 'urls': []}","{'iso_language_code': 'de', 'result_type': 'recent'}"
36,2020-07-19 23:59:19,1285001301902884865,@Deprifrei Kanake? Dein Ernst?,"{'hashtags': [], 'symbols': [], 'user_mentions': [{'screen_name': 'Deprifrei', 'name': 'Roman Swietlik #Deprifrei #Depression #WirSindMehr', 'id': 337111971, 'id_str': '337111971', 'indices': [0, 10]}], 'urls': []}","{'iso_language_code': 'no', 'result_type': 'recent'}"
37,2020-07-19 23:48:10,1284998495620009984,"Unser üá©üá™ ist #Vielfalt. 25 % haben einen #Migrationshintergrund. F√ºr Integration wird viel getan. Ich frage mich, o‚Ä¶ https://t.co/r56P0hj5tr","{'hashtags': [{'text': 'Vielfalt', 'indices': [13, 22]}, {'text': 'Migrationshintergrund', 'indices': [41, 63]}], 'symbols': [], 'user_mentions': [], 'urls': [{'url': 'https://t.co/r56P0hj5tr', 'expanded_url': 'https://twitter.com/i/web/status/1284998495620009984', 'display_url': 'twitter.com/i/web/status/1‚Ä¶', 'indices': [117, 140]}]}","{'iso_language_code': 'de', 'result_type': 'recent'}"
38,2020-07-19 23:33:11,1284994727415353345,"@Fabian90891912 @tagesschau Und wo war jetzt eigentlich meine Beleidigung? Waren es nun doch Tatsachen?

Verr√ºckte‚Ä¶ https://t.co/mAptEpb5Fd","{'hashtags': [], 'symbols': [], 'user_mentions': [{'screen_name': 'Fabian90891912', 'name': 'Fabian', 'id': 1237028815278346241, 'id_str': '1237028815278346241', 'indices': [0, 15]}, {'screen_name': 'tagesschau', 'name': 'tagesschau', 'id': 5734902, 'id_str': '5734902', 'indices': [16, 27]}], 'urls': [{'url': 'https://t.co/mAptEpb5Fd', 'expanded_url': 'https://twitter.com/i/web/status/1284994727415353345', 'display_url': 'twitter.com/i/web/status/1‚Ä¶', 'indices': [116, 139]}]}","{'iso_language_code': 'de', 'result_type': 'recent'}"
39,2020-07-19 23:04:23,1284987476713644033,@CEOofTsunderes @FeldwebelTripp IM NO KANAKE,"{'hashtags': [], 'symbols': [], 'user_mentions': [{'screen_name': 'CEOofTsunderes', 'name': 'Ph@nt0mias', 'id': 1281095308366303237, 'id_str': '1281095308366303237', 'indices': [0, 15]}, {'screen_name': 'FeldwebelTripp', 'name': 'Graf Tripp', 'id': 2777521435, 'id_str': '2777521435', 'indices': [16, 31]}], 'urls': []}","{'iso_language_code': 'tl', 'result_type': 'recent'}"
40,2020-07-19 23:03:17,1284987201030197248,@minaspee @CEOofTsunderes Kanake. wwwwwww,"{'hashtags': [], 'symbols': [], 'user_mentions': [{'screen_name': 'minaspee', 'name': 'MinaSpee üá©üá™', 'id': 1083502036472205312, 'id_str': '1083502036472205312', 'indices': [0, 9]}, {'screen_name': 'CEOofTsunderes', 'name': 'Ph@nt0mias', 'id': 1281095308366303237, 'id_str': '1281095308366303237', 'indices': [10, 25]}], 'urls': []}","{'iso_language_code': 'in', 'result_type': 'recent'}"
41,2020-07-19 23:01:57,1284986866584911879,keiner ist so konzentriert wie ein kanake der seine shisha reinigt,"{'hashtags': [], 'symbols': [], 'user_mentions': [], 'urls': []}","{'iso_language_code': 'de', 'result_type': 'recent'}"
42,2020-07-19 22:38:19,1284980917300269056,RT @loevmin: ihr k√∂nnt als Menschen mit Migrationshintergrund das Wort kanake nicht racist finden aber warum stellt ihr Menschen die sich d‚Ä¶,"{'hashtags': [], 'symbols': [], 'user_mentions': [{'screen_name': 'loevmin', 'name': 'simran ‚ô•', 'id': 1146891519976247302, 'id_str': '1146891519976247302', 'indices': [3, 11]}], 'urls': []}","{'iso_language_code': 'de', 'result_type': 'recent'}"
43,2020-07-19 22:24:58,1284977560695312384,"@Fabian90891912 @tagesschau Sag doch einfach, wie es ist.

,,Weil du ein Kanake bist und alle Kanaken zu Erdogan stehen""

Feige Sau","{'hashtags': [], 'symbols': [], 'user_mentions': [{'screen_name': 'Fabian90891912', 'name': 'Fabian', 'id': 1237028815278346241, 'id_str': '1237028815278346241', 'indices': [0, 15]}, {'screen_name': 'tagesschau', 'name': 'tagesschau', 'id': 5734902, 'id_str': '5734902', 'indices': [16, 27]}], 'urls': []}","{'iso_language_code': 'de', 'result_type': 'recent'}"
44,2020-07-19 22:14:51,1284975015306375170,@jaman1150 00:14 feeling like a fashion kanake ohne f√ºhrerschein und auto,"{'hashtags': [], 'symbols': [], 'user_mentions': [{'screen_name': 'jaman1150', 'name': 'nein', 'id': 1278287611203915784, 'id_str': '1278287611203915784', 'indices': [0, 10]}], 'urls': []}","{'iso_language_code': 'de', 'result_type': 'recent'}"
45,2020-07-19 22:10:23,1284973890347958272,@muharrem_068 und dennoch merkst du das du nicht geliebt wirst und einsam bist.. der dicke behaarte kanake aber nic‚Ä¶ https://t.co/qk6zQpcbjd,"{'hashtags': [], 'symbols': [], 'user_mentions': [{'screen_name': 'muharrem_068', 'name': 'Ku≈ü Beyinli Japon Askeri', 'id': 1155228688738344961, 'id_str': '1155228688738344961', 'indices': [0, 13]}], 'urls': [{'url': 'https://t.co/qk6zQpcbjd', 'expanded_url': 'https://twitter.com/i/web/status/1284973890347958272', 'display_url': 'twitter.com/i/web/status/1‚Ä¶', 'indices': [117, 140]}]}","{'iso_language_code': 'de', 'result_type': 'recent'}"
46,2020-07-19 21:47:31,1284968133992820738,Ich will doch nur n goofy kanake der gr√∂√üer ist als ich und ein h√ºbschen s√º√üen g√∂bek hat der mich unendlich doll li‚Ä¶ https://t.co/troBE04Duv,"{'hashtags': [], 'symbols': [], 'user_mentions': [], 'urls': [{'url': 'https://t.co/troBE04Duv', 'expanded_url': 'https://twitter.com/i/web/status/1284968133992820738', 'display_url': 'twitter.com/i/web/status/1‚Ä¶', 'indices': [117, 140]}]}","{'iso_language_code': 'de', 'result_type': 'recent'}"
47,2020-07-19 21:44:25,1284967356318584832,"RT @izdihl: Kenne ein Kanake der ist 40 hat kein richtigen Job und ist nicht verheiratet, er hatte 20jahre die Ausrede ‚ÄûWelt geht sowieso u‚Ä¶","{'hashtags': [], 'symbols': [], 'user_mentions': [{'screen_name': 'izdihl', 'name': 'izdiüå∂üáµüá∏(Arabische Gro√üfamilie)', 'id': 817146128554659842, 'id_str': '817146128554659842', 'indices': [3, 10]}], 'urls': []}","{'iso_language_code': 'de', 'result_type': 'recent'}"
48,2020-07-19 21:35:34,1284965127083761667,fr√ºher immer flohmarkt second hand oder dinge von bruder heute alhamdulillah fashion kanake,"{'hashtags': [], 'symbols': [], 'user_mentions': [], 'urls': []}","{'iso_language_code': 'de', 'result_type': 'recent'}"
49,2020-07-19 21:02:00,1284956681533706240,@capykami Was ist ein Kanake??,"{'hashtags': [], 'symbols': [], 'user_mentions': [{'screen_name': 'capykami', 'name': 'capykami', 'id': 1264451598534742018, 'id_str': '1264451598534742018', 'indices': [0, 9]}], 'urls': []}","{'iso_language_code': 'de', 'result_type': 'recent'}"
50,2020-07-19 21:00:59,1284956423865143297,wo ist die fashion hijabi zu meinem fashion kanake üö¨üö¨,"{'hashtags': [], 'symbols': [], 'user_mentions': [], 'urls': []}","{'iso_language_code': 'de', 'result_type': 'recent'}"
51,2020-07-19 20:57:28,1284955538716073985,@Itszkalm @CallMelshmael @KennSanon @30SECVlDEOS Over here in Germany we call people like you Kanake,"{'hashtags': [], 'symbols': [], 'user_mentions': [{'screen_name': 'Itszkalm', 'name': 'kamal', 'id': 900139480731926528, 'id_str': '900139480731926528', 'indices': [0, 9]}, {'screen_name': 'CallMelshmael', 'name': 'George floyd is in hell', 'id': 4804648622, 'id_str': '4804648622', 'indices': [10, 24]}, {'screen_name': 'KennSanon', 'name': 'GamaKen San', 'id': 912573712679018496, 'id_str': '912573712679018496', 'indices': [25, 35]}, {'screen_name': '30SECVlDEOS', 'name': 'Best Videos üé¨üçø', 'id': 963204890842615809, 'id_str': '963204890842615809', 'indices': [36, 48]}], 'urls': []}","{'iso_language_code': 'en', 'result_type': 'recent'}"
52,2020-07-19 20:51:05,1284953933493018626,Ich war in meiner Schul und Berufslaufbahn immer der einzige Kanake,"{'hashtags': [], 'symbols': [], 'user_mentions': [], 'urls': []}","{'iso_language_code': 'de', 'result_type': 'recent'}"
53,2020-07-19 20:35:30,1284950012817018886,@jay92izey sbudget nur f√ºr zuhause draussen muss ich status als fashion kanake beibehalten,"{'hashtags': [], 'symbols': [], 'user_mentions': [{'screen_name': 'jay92izey', 'name': 'jay WeGang-hate acc üåü', 'id': 1249008391223226368, 'id_str': '1249008391223226368', 'indices': [0, 10]}], 'urls': []}","{'iso_language_code': 'de', 'result_type': 'recent'}"
54,2020-07-19 20:33:16,1284949447156342786,Ich mache diesen Film jetzt zum Teil meiner Pers√∂nlichkeit wie der Scheis kanake der ich bin und Deutschland kann garnix machen,"{'hashtags': [], 'symbols': [], 'user_mentions': [], 'urls': []}","{'iso_language_code': 'de', 'result_type': 'recent'}"
55,2020-07-19 20:32:25,1284949234068881411,@jay92izey als fashion kanake kann dir sowas nicht passieren,"{'hashtags': [], 'symbols': [], 'user_mentions': [{'screen_name': 'jay92izey', 'name': 'jay WeGang-hate acc üåü', 'id': 1249008391223226368, 'id_str': '1249008391223226368', 'indices': [0, 10]}], 'urls': []}","{'iso_language_code': 'de', 'result_type': 'recent'}"
56,2020-07-19 20:30:41,1284948798012379137,@ghettochaya @01ssa3Amir0 iPhone eig schwul au√üer wenn man bei irgendein kanake kauft billiger,"{'hashtags': [], 'symbols': [], 'user_mentions': [{'screen_name': 'ghettochaya', 'name': 'locke die chayaa', 'id': 1141459766591578117, 'id_str': '1141459766591578117', 'indices': [0, 12]}, {'screen_name': '01ssa3Amir0', 'name': 'ÏïÑÎØ∏Î•¥ üíóü¶á', 'id': 1179082262639460354, 'id_str': '1179082262639460354', 'indices': [13, 25]}], 'urls': []}","{'iso_language_code': 'de', 'result_type': 'recent'}"
57,2020-07-19 19:44:22,1284937143861813248,RT @pephure: @kippenstuemmel gut das ich auf wish bestellt kanake bin,"{'hashtags': [], 'symbols': [], 'user_mentions': [{'screen_name': 'pephure', 'name': 'pephure', 'id': 1118232662857142273, 'id_str': '1118232662857142273', 'indices': [3, 11]}, {'screen_name': 'kippenstuemmel', 'name': 'Katzenmama', 'id': 1221006505538965505, 'id_str': '1221006505538965505', 'indices': [13, 28]}], 'urls': []}","{'iso_language_code': 'de', 'result_type': 'recent'}"
58,2020-07-19 19:43:31,1284936929797189632,@kippenstuemmel gut das ich auf wish bestellt kanake bin,"{'hashtags': [], 'symbols': [], 'user_mentions': [{'screen_name': 'kippenstuemmel', 'name': 'Katzenmama', 'id': 1221006505538965505, 'id_str': '1221006505538965505', 'indices': [0, 15]}], 'urls': []}","{'iso_language_code': 'de', 'result_type': 'recent'}"
59,2020-07-19 19:40:57,1284936284151087108,Was sind 100 Nazis wenn du solche Migranten hast die auf ihre eigenen Leute spucken &amp; per Definition rassistisch si‚Ä¶ https://t.co/0RfGEoFOD5,"{'hashtags': [], 'symbols': [], 'user_mentions': [], 'urls': [{'url': 'https://t.co/0RfGEoFOD5', 'expanded_url': 'https://twitter.com/i/web/status/1284936284151087108', 'display_url': 'twitter.com/i/web/status/1‚Ä¶', 'indices': [121, 144]}]}","{'iso_language_code': 'de', 'result_type': 'recent'}"
60,2020-07-19 17:42:05,1284906369271902209,@thot1anaa being only kanake in grundschule&gt;&gt;&gt;&gt;,"{'hashtags': [], 'symbols': [], 'user_mentions': [{'screen_name': 'thot1anaa', 'name': 'thotiana', 'id': 1220788321749753856, 'id_str': '1220788321749753856', 'indices': [0, 10]}], 'urls': []}","{'iso_language_code': 'de', 'result_type': 'recent'}"
61,2020-07-19 17:41:23,1284906192431722499,@robin_tmm @KufiDlabo @phillaude @maithi_nk Tolle Argumentation. Kanake leitet sich von Mensch ab. Laut deiner logik auch nicht rassistisch.,"{'hashtags': [], 'symbols': [], 'user_mentions': [{'screen_name': 'robin_tmm', 'name': 'Robinüè≥Ô∏è\u200düåà', 'id': 3513659235, 'id_str': '3513659235', 'indices': [0, 10]}, {'screen_name': 'KufiDlabo', 'name': 'Kuff', 'id': 2310108577, 'id_str': '2310108577', 'indices': [11, 21]}, {'screen_name': 'phillaude', 'name': 'Phil Laude', 'id': 191271022, 'id_str': '191271022', 'indices': [22, 32]}, {'screen_name': 'maithi_nk', 'name': 'Mai Thi Nguyen-Kim', 'id': 1094849342, 'id_str': '1094849342', 'indices': [33, 43]}], 'urls': []}","{'iso_language_code': 'de', 'result_type': 'recent'}"
62,2020-07-19 17:40:51,1284906056989265921,RT @abbas96ali: My heart sinks when landlords ask this question because I already know I‚Äôm not getting the place then https://t.co/PDR15zwE‚Ä¶,"{'hashtags': [], 'symbols': [], 'user_mentions': [{'screen_name': 'abbas96ali', 'name': 'Abbas Ali', 'id': 328075483, 'id_str': '328075483', 'indices': [3, 14]}], 'urls': []}","{'iso_language_code': 'en', 'result_type': 'recent'}"
63,2020-07-19 17:39:51,1284905806467563527,"RT @ishmaelrose2: My toxic trait: 
I don‚Äôt get OVER shit I just get PAST it, I haven‚Äôt healed from a lot of things, I‚Äôve just accepted them‚Ä¶","{'hashtags': [], 'symbols': [], 'user_mentions': [{'screen_name': 'ishmaelrose2', 'name': 'Ishmael rose', 'id': 842657685677969408, 'id_str': '842657685677969408', 'indices': [3, 16]}], 'urls': []}","{'iso_language_code': 'en', 'result_type': 'recent'}"
64,2020-07-19 17:26:11,1284902366903296000,@kleinevaleria Was redest du wie ein asozialer kanake?,"{'hashtags': [], 'symbols': [], 'user_mentions': [{'screen_name': 'kleinevaleria', 'name': 'valeria', 'id': 355021681, 'id_str': '355021681', 'indices': [0, 14]}], 'urls': []}","{'iso_language_code': 'de', 'result_type': 'recent'}"
65,2020-07-19 17:23:17,1284901636490625026,RT @albanianicegirl: Stell dir vor du denkst wenn du heiratest hast du die Freiheit die du bei deinen Eltern nicht hattest und freust dich‚Ä¶,"{'hashtags': [], 'symbols': [], 'user_mentions': [{'screen_name': 'albanianicegirl', 'name': 'albanianicegirl', 'id': 1283567050770788354, 'id_str': '1283567050770788354', 'indices': [3, 19]}], 'urls': []}","{'iso_language_code': 'de', 'result_type': 'recent'}"
66,2020-07-19 17:20:43,1284900993130467333,@Redbullsero Jaaa aber nicht 24/7 und wenn dann meinen wir das mit Humor aber da kann mir keine deutsche ankommen u‚Ä¶ https://t.co/W6EFhGKGMr,"{'hashtags': [], 'symbols': [], 'user_mentions': [{'screen_name': 'Redbullsero', 'name': 'Redbull Sero', 'id': 1183051890763980801, 'id_str': '1183051890763980801', 'indices': [0, 12]}], 'urls': [{'url': 'https://t.co/W6EFhGKGMr', 'expanded_url': 'https://twitter.com/i/web/status/1284900993130467333', 'display_url': 'twitter.com/i/web/status/1‚Ä¶', 'indices': [117, 140]}]}","{'iso_language_code': 'de', 'result_type': 'recent'}"
67,2020-07-19 16:56:00,1284894773330022402,@GIO2SANTOS1905 @realsarsura Ja dikka das liegt daran dass M√§nner wie du einfach legit 0 Anspr√ºche haben und alles‚Ä¶ https://t.co/gG2MMwz6PP,"{'hashtags': [], 'symbols': [], 'user_mentions': [{'screen_name': 'GIO2SANTOS1905', 'name': 'Gio üá≤üáΩüáπüá∑', 'id': 3535993935, 'id_str': '3535993935', 'indices': [0, 15]}, {'screen_name': 'realsarsura', 'name': 'Sarah', 'id': 1226967641816027138, 'id_str': '1226967641816027138', 'indices': [16, 28]}], 'urls': [{'url': 'https://t.co/gG2MMwz6PP', 'expanded_url': 'https://twitter.com/i/web/status/1284894773330022402', 'display_url': 'twitter.com/i/web/status/1‚Ä¶', 'indices': [116, 139]}]}","{'iso_language_code': 'de', 'result_type': 'recent'}"
68,2020-07-19 16:42:56,1284891482395213824,"@anadasmos @klasnaborba Wenn der Kanake nicht so will wie ich, dann ist halt Schluss mit Soli.

https://t.co/6Jmx0N1yjo","{'hashtags': [], 'symbols': [], 'user_mentions': [{'screen_name': 'anadasmos', 'name': 'ges anadasmos', 'id': 2569863589, 'id_str': '2569863589', 'indices': [0, 10]}, {'screen_name': 'klasnaborba', 'name': 'Young Kierkegaard üá®üá≥ –∫–ª–∞—Å–Ω–∞ –±–æ—Ä–±–∞', 'id': 723611655557529603, 'id_str': '723611655557529603', 'indices': [11, 23]}], 'urls': [{'url': 'https://t.co/6Jmx0N1yjo', 'expanded_url': 'https://twitter.com/KrmvMlchr/status/1279055121595486208', 'display_url': 'twitter.com/KrmvMlchr/stat‚Ä¶', 'indices': [96, 119]}]}","{'iso_language_code': 'de', 'result_type': 'recent'}"
69,2020-07-19 16:24:41,1284886889179250690,@traurigeremoji @aufkorrekt nein man du kannst leute anhand ihres musikgeschmackes einsch√§tzen wie die drauf sind u‚Ä¶ https://t.co/9liEAUdbpb,"{'hashtags': [], 'symbols': [], 'user_mentions': [{'screen_name': 'traurigeremoji', 'name': 'baby g', 'id': 756564466280624128, 'id_str': '756564466280624128', 'indices': [0, 15]}, {'screen_name': 'aufkorrekt', 'name': 'sarah', 'id': 629257125, 'id_str': '629257125', 'indices': [16, 27]}], 'urls': [{'url': 'https://t.co/9liEAUdbpb', 'expanded_url': 'https://twitter.com/i/web/status/1284886889179250690', 'display_url': 'twitter.com/i/web/status/1‚Ä¶', 'indices': [117, 140]}]}","{'iso_language_code': 'de', 'result_type': 'recent'}"
70,2020-07-19 15:50:34,1284878304760279042,RT @loevmin: ihr k√∂nnt als Menschen mit Migrationshintergrund das Wort kanake nicht racist finden aber warum stellt ihr Menschen die sich d‚Ä¶,"{'hashtags': [], 'symbols': [], 'user_mentions': [{'screen_name': 'loevmin', 'name': 'simran ‚ô•', 'id': 1146891519976247302, 'id_str': '1146891519976247302', 'indices': [3, 11]}], 'urls': []}","{'iso_language_code': 'de', 'result_type': 'recent'}"
71,2020-07-19 15:35:48,1284874588678217729,"@SonGonos Nein? Alman heisst wortw√∂rtlich deutscher, kanake nicht","{'hashtags': [], 'symbols': [], 'user_mentions': [{'screen_name': 'SonGonos', 'name': 'Nos', 'id': 2350921241, 'id_str': '2350921241', 'indices': [0, 9]}], 'urls': []}","{'iso_language_code': 'de', 'result_type': 'recent'}"
72,2020-07-19 15:09:52,1284868060977954816,@ntvde Kanake!,"{'hashtags': [], 'symbols': [], 'user_mentions': [{'screen_name': 'ntvde', 'name': 'ntv Nachrichten', 'id': 19232587, 'id_str': '19232587', 'indices': [0, 6]}], 'urls': []}","{'iso_language_code': 'in', 'result_type': 'recent'}"
73,2020-07-19 15:08:03,1284867604683915265,RT @hihiupsidupsi: einfach gro√üer kanake er hat safe seine gr√∂√üe in bio stehen girls get your sugar daddyüòª https://t.co/MTssRmtVwS,"{'hashtags': [], 'symbols': [], 'user_mentions': [{'screen_name': 'hihiupsidupsi', 'name': 'dilay', 'id': 1108066245063204864, 'id_str': '1108066245063204864', 'indices': [3, 17]}], 'urls': [{'url': 'https://t.co/MTssRmtVwS', 'expanded_url': 'https://twitter.com/hihiupsidupsi/status/1284867200940220419', 'display_url': 'twitter.com/hihiupsidupsi/‚Ä¶', 'indices': [107, 130]}]}","{'iso_language_code': 'de', 'result_type': 'recent'}"
74,2020-07-19 15:07:48,1284867542624985088,einfach gro√üer kanake er hat safe seine gr√∂√üe in bio stehen girls get your sugar daddyüòª https://t.co/MTssRmtVwS,"{'hashtags': [], 'symbols': [], 'user_mentions': [], 'urls': [{'url': 'https://t.co/MTssRmtVwS', 'expanded_url': 'https://twitter.com/hihiupsidupsi/status/1284867200940220419', 'display_url': 'twitter.com/hihiupsidupsi/‚Ä¶', 'indices': [88, 111]}]}","{'iso_language_code': 'de', 'result_type': 'recent'}"
75,2020-07-19 14:49:14,1284862871130779648,Ich werde der erste kanake sein der ein m√§dchen mit einem totalt abgenutzten grauen Toyota und h√§ngendem auspuff abschleppt.,"{'hashtags': [], 'symbols': [], 'user_mentions': [], 'urls': []}","{'iso_language_code': 'de', 'result_type': 'recent'}"
76,2020-07-19 14:44:53,1284861775607988225,@sevvvioo Kanake ohne Bart wie spotify ohne premium,"{'hashtags': [], 'symbols': [], 'user_mentions': [{'screen_name': 'sevvvioo', 'name': '≈üev', 'id': 1262818098371067904, 'id_str': '1262818098371067904', 'indices': [0, 9]}], 'urls': []}","{'iso_language_code': 'de', 'result_type': 'recent'}"
77,2020-07-19 14:19:43,1284855442439634950,Stell dir vor du denkst wenn du heiratest hast du die Freiheit die du bei deinen Eltern nicht hattest und freust di‚Ä¶ https://t.co/4JGXQiakGr,"{'hashtags': [], 'symbols': [], 'user_mentions': [], 'urls': [{'url': 'https://t.co/4JGXQiakGr', 'expanded_url': 'https://twitter.com/i/web/status/1284855442439634950', 'display_url': 'twitter.com/i/web/status/1‚Ä¶', 'indices': [117, 140]}]}","{'iso_language_code': 'de', 'result_type': 'recent'}"
78,2020-07-19 14:10:57,1284853237846364161,"RT @loevmin: ich bin nur von deutsche die sich √ºber vallah, yallah, aynen etc. st√§ndig lustig machen und unserem lingo insgesamt, die allah‚Ä¶","{'hashtags': [], 'symbols': [], 'user_mentions': [{'screen_name': 'loevmin', 'name': 'simran ‚ô•', 'id': 1146891519976247302, 'id_str': '1146891519976247302', 'indices': [3, 11]}], 'urls': []}","{'iso_language_code': 'de', 'result_type': 'recent'}"
79,2020-07-19 13:58:46,1284850169054404609,"@pxtrick01 @KoheletDPS @migrantifa Richtig(schwarze Schafe mal ausgenommen).
Ich kenne die scene dort recht gut, ic‚Ä¶ https://t.co/KM2Pq5ZXlO","{'hashtags': [], 'symbols': [], 'user_mentions': [{'screen_name': 'pxtrick01', 'name': 'üÖøÔ∏èatrick', 'id': 3373040211, 'id_str': '3373040211', 'indices': [0, 10]}, {'screen_name': 'KoheletDPS', 'name': 'Kohelet', 'id': 828225361964044288, 'id_str': '828225361964044288', 'indices': [11, 22]}, {'screen_name': 'migrantifa', 'name': '#SeehoferRuecktritt', 'id': 1085499076639182849, 'id_str': '1085499076639182849', 'indices': [23, 34]}], 'urls': [{'url': 'https://t.co/KM2Pq5ZXlO', 'expanded_url': 'https://twitter.com/i/web/status/1284850169054404609', 'display_url': 'twitter.com/i/web/status/1‚Ä¶', 'indices': [117, 140]}]}","{'iso_language_code': 'de', 'result_type': 'recent'}"
80,2020-07-19 12:51:35,1284833263157223424,"RT @BaharAslan_: ...Verkehrskontrollen als ‚ÄûKanake‚Äú und ‚ÄûK√ºmmelt√ºrke‚Äú beschimpft, degradiert und entw√ºrdigt. Einmal vor unseren Augen, als‚Ä¶","{'hashtags': [], 'symbols': [], 'user_mentions': [{'screen_name': 'BaharAslan_', 'name': 'Bahar Aslan', 'id': 4814601412, 'id_str': '4814601412', 'indices': [3, 15]}], 'urls': []}","{'iso_language_code': 'de', 'result_type': 'recent'}"
81,2020-07-19 12:10:57,1284823035799908352,@beynmk scheiss kanake,"{'hashtags': [], 'symbols': [], 'user_mentions': [{'screen_name': 'beynmk', 'name': 'simay ia', 'id': 1008294489214062593, 'id_str': '1008294489214062593', 'indices': [0, 7]}], 'urls': []}","{'iso_language_code': 'de', 'result_type': 'recent'}"
82,2020-07-19 12:04:10,1284821328130969600,@newnamewh0dis Wenn du kein dummer kanake bist und eine chance siehst aber du weisst dass sie schon extrem abgehobe‚Ä¶ https://t.co/gnBjMj8Xnl,"{'hashtags': [], 'symbols': [], 'user_mentions': [{'screen_name': 'newnamewh0dis', 'name': 'X √Ü A-12s stepmom', 'id': 1238952223427694592, 'id_str': '1238952223427694592', 'indices': [0, 14]}], 'urls': [{'url': 'https://t.co/gnBjMj8Xnl', 'expanded_url': 'https://twitter.com/i/web/status/1284821328130969600', 'display_url': 'twitter.com/i/web/status/1‚Ä¶', 'indices': [117, 140]}]}","{'iso_language_code': 'de', 'result_type': 'recent'}"
83,2020-07-19 12:03:25,1284821141438308354,"@phillaude @maithi_nk Zu ""ethnisch Deutschen"" Allman zu sagen ist wie zu arabisch/ t√ºrkisch St√§mmigen Kanake zu sagen.","{'hashtags': [], 'symbols': [], 'user_mentions': [{'screen_name': 'phillaude', 'name': 'Phil Laude', 'id': 191271022, 'id_str': '191271022', 'indices': [0, 10]}, {'screen_name': 'maithi_nk', 'name': 'Mai Thi Nguyen-Kim', 'id': 1094849342, 'id_str': '1094849342', 'indices': [11, 21]}], 'urls': []}","{'iso_language_code': 'de', 'result_type': 'recent'}"
84,2020-07-19 11:51:10,1284818059874762758,"RT @loevmin: ich bin nur von deutsche die sich √ºber vallah, yallah, aynen etc. st√§ndig lustig machen und unserem lingo insgesamt, die allah‚Ä¶","{'hashtags': [], 'symbols': [], 'user_mentions': [{'screen_name': 'loevmin', 'name': 'simran ‚ô•', 'id': 1146891519976247302, 'id_str': '1146891519976247302', 'indices': [3, 11]}], 'urls': []}","{'iso_language_code': 'de', 'result_type': 'recent'}"
85,2020-07-19 11:50:30,1284817892169658368,"Userin hat stimme wie 20 j√§hriger kanake, ich sterbe vor lachen HAHAHAHAHAHAHAHHA","{'hashtags': [], 'symbols': [], 'user_mentions': [], 'urls': []}","{'iso_language_code': 'de', 'result_type': 'recent'}"
86,2020-07-19 11:48:44,1284817445195317248,"ich bin nur von deutsche die sich √ºber vallah, yallah, aynen etc. st√§ndig lustig machen und unserem lingo insgesamt‚Ä¶ https://t.co/sibZ9zMUWD","{'hashtags': [], 'symbols': [], 'user_mentions': [], 'urls': [{'url': 'https://t.co/sibZ9zMUWD', 'expanded_url': 'https://twitter.com/i/web/status/1284817445195317248', 'display_url': 'twitter.com/i/web/status/1‚Ä¶', 'indices': [117, 140]}]}","{'iso_language_code': 'de', 'result_type': 'recent'}"
87,2020-07-19 11:46:20,1284816842381561856,ihr k√∂nnt als Menschen mit Migrationshintergrund das Wort kanake nicht racist finden aber warum stellt ihr Menschen‚Ä¶ https://t.co/Qzy3RgfF9v,"{'hashtags': [], 'symbols': [], 'user_mentions': [], 'urls': [{'url': 'https://t.co/Qzy3RgfF9v', 'expanded_url': 'https://twitter.com/i/web/status/1284816842381561856', 'display_url': 'twitter.com/i/web/status/1‚Ä¶', 'indices': [117, 140]}]}","{'iso_language_code': 'de', 'result_type': 'recent'}"
88,2020-07-19 10:32:54,1284798360491302912,"RT @LpAlexi: @aurelmertz Warum wird dann Kanake als beleidigung empfunden? [..]Entlehnt ist das Wort vom hawaiischen kanaka f√ºr Mensch,  [.‚Ä¶","{'hashtags': [], 'symbols': [], 'user_mentions': [{'screen_name': 'LpAlexi', 'name': 'LpAlexi', 'id': 2569709557, 'id_str': '2569709557', 'indices': [3, 11]}, {'screen_name': 'aurelmertz', 'name': 'Aurel', 'id': 845830554, 'id_str': '845830554', 'indices': [13, 24]}], 'urls': []}","{'iso_language_code': 'de', 'result_type': 'recent'}"
89,2020-07-19 09:47:02,1284786819075366912,"RT @yooliboss: Wie Kanake sich im unterricht meldet:
- arm ruhig oben
- entspannt

Wie sich Alman im Unterricht meldet:
- wildes rumzappeln‚Ä¶","{'hashtags': [], 'symbols': [], 'user_mentions': [{'screen_name': 'yooliboss', 'name': 'yololi', 'id': 975019159007518720, 'id_str': '975019159007518720', 'indices': [3, 13]}], 'urls': []}","{'iso_language_code': 'de', 'result_type': 'recent'}"
90,2020-07-19 08:25:40,1284766343938678784,@nichtleslo Schw√∂re ein 1.90 Kanake  hat das unironisch gesagt,"{'hashtags': [], 'symbols': [], 'user_mentions': [{'screen_name': 'nichtleslo', 'name': 'L', 'id': 1063906508633767936, 'id_str': '1063906508633767936', 'indices': [0, 11]}], 'urls': []}","{'iso_language_code': 'de', 'result_type': 'recent'}"
91,2020-07-19 08:22:55,1284765650607636480,RT @Samedowski: Beyler ak≈üam Vodaforda kartal √ßevirme var ü¶Ö,"{'hashtags': [], 'symbols': [], 'user_mentions': [{'screen_name': 'Samedowski', 'name': 'Samedov', 'id': 187112050, 'id_str': '187112050', 'indices': [3, 14]}], 'urls': []}","{'result_type': 'recent', 'iso_language_code': 'tr'}"
92,2020-07-19 07:35:45,1284753782551842816,@TraumVonEuropa Muss man sich mal auf der Zunge zergehen lassen. Da sagt ein Kanake zu einem Batschak: ‚ÄûBitte Maul‚Ä¶ https://t.co/zbQdIAAzLx,"{'hashtags': [], 'symbols': [], 'user_mentions': [{'screen_name': 'TraumVonEuropa', 'name': 'Nils‚úäüèª', 'id': 1187713815208714242, 'id_str': '1187713815208714242', 'indices': [0, 15]}], 'urls': [{'url': 'https://t.co/zbQdIAAzLx', 'expanded_url': 'https://twitter.com/i/web/status/1284753782551842816', 'display_url': 'twitter.com/i/web/status/1‚Ä¶', 'indices': [116, 139]}]}","{'iso_language_code': 'de', 'result_type': 'recent'}"
93,2020-07-19 06:27:42,1284736657246355456,"@MarkusOef @kungarochkrig Frankrike var inte Frankrike efter revolutionen och Napoleon, det var ett monster, som Ty‚Ä¶ https://t.co/atOxJVO6Yf","{'hashtags': [], 'symbols': [], 'user_mentions': [{'screen_name': 'MarkusOef', 'name': 'Markus', 'id': 754736781644423168, 'id_str': '754736781644423168', 'indices': [0, 10]}, {'screen_name': 'kungarochkrig', 'name': 'Kungar och krig', 'id': 1086570461750804480, 'id_str': '1086570461750804480', 'indices': [11, 25]}], 'urls': [{'url': 'https://t.co/atOxJVO6Yf', 'expanded_url': 'https://twitter.com/i/web/status/1284736657246355456', 'display_url': 'twitter.com/i/web/status/1‚Ä¶', 'indices': [117, 140]}]}","{'iso_language_code': 'sv', 'result_type': 'recent'}"
94,2020-07-19 04:21:18,1284704846990344194,@KrSanjayKrishna Sir ami dukan kanake jam..jodi bike scooty bondho a kori dise..amar dukan durot hoi..4km jbo lage.‚Ä¶ https://t.co/y5wteeqVim,"{'hashtags': [], 'symbols': [], 'user_mentions': [{'screen_name': 'KrSanjayKrishna', 'name': 'Kumar Sanjay Krishna', 'id': 1246015781529210882, 'id_str': '1246015781529210882', 'indices': [0, 16]}], 'urls': [{'url': 'https://t.co/y5wteeqVim', 'expanded_url': 'https://twitter.com/i/web/status/1284704846990344194', 'display_url': 'twitter.com/i/web/status/1‚Ä¶', 'indices': [117, 140]}]}","{'iso_language_code': 'in', 'result_type': 'recent'}"
95,2020-07-19 01:36:47,1284663444659146754,@chajunnies acting like almans die wallah sagen und sagen die sind bisschen kanakeüòπüòπ,"{'hashtags': [], 'symbols': [], 'user_mentions': [{'screen_name': 'chajunnies', 'name': 'Ÿã', 'id': 845616588539789312, 'id_str': '845616588539789312', 'indices': [0, 11]}], 'urls': []}","{'iso_language_code': 'de', 'result_type': 'recent'}"
96,2020-07-19 00:48:45,1284651356062658561,"RT @s_peakerscorner: Kanake nicht mal richtig schreiben.. Dieses Wort hat auch etwas mit Schifffahrt, Ureinwohner, Selbstbezeichnung, Musik‚Ä¶","{'hashtags': [], 'symbols': [], 'user_mentions': [{'screen_name': 's_peakerscorner', 'name': '@s_peakerscorner', 'id': 1048284421114290176, 'id_str': '1048284421114290176', 'indices': [3, 19]}], 'urls': []}","{'iso_language_code': 'de', 'result_type': 'recent'}"
97,2020-07-19 00:23:24,1284644977776168961,@aurelmertz lol ich nenne mich sleber ein allman weil ich einer bin wenn  ich irgendjemanden anderen kanake oder mi‚Ä¶ https://t.co/bDrHYUliAn,"{'hashtags': [], 'symbols': [], 'user_mentions': [{'screen_name': 'aurelmertz', 'name': 'Aurel', 'id': 845830554, 'id_str': '845830554', 'indices': [0, 11]}], 'urls': [{'url': 'https://t.co/bDrHYUliAn', 'expanded_url': 'https://twitter.com/i/web/status/1284644977776168961', 'display_url': 'twitter.com/i/web/status/1‚Ä¶', 'indices': [117, 140]}]}","{'iso_language_code': 'de', 'result_type': 'recent'}"
98,2020-07-19 00:06:35,1284640745249546240,@CastroIlker bro z√§hlst nicht als kanake liebe dich trotzdem,"{'hashtags': [], 'symbols': [], 'user_mentions': [{'screen_name': 'CastroIlker', 'name': 'Ilker', 'id': 1143474680306819072, 'id_str': '1143474680306819072', 'indices': [0, 12]}], 'urls': []}","{'iso_language_code': 'de', 'result_type': 'recent'}"
99,2020-07-18 23:56:26,1284638189643354112,"RT @dieeinearaber1n: Stellt euch vor ein kanake wird Anwalt und fragt dann einfach den Schuldigen der auch moslem ist ""sag wallah du hast d‚Ä¶","{'hashtags': [], 'symbols': [], 'user_mentions': [{'screen_name': 'dieeinearaber1n', 'name': 'ùê¥ùëöùëéùëô', 'id': 1262877431561625601, 'id_str': '1262877431561625601', 'indices': [3, 19]}], 'urls': []}","{'iso_language_code': 'de', 'result_type': 'recent'}"
